65fc2389aea3,21.0,3.387313,6.524499 
614bd7033d26,25.0,3.388014,6.530247 
a55dca4f0b0f,82.0,3.381182,6.525634 
63f4efaa870b,63.0,3.381519,6.528452 
c58da7f1cc53,32.0,3.387127,6.530503 
c7ac0fdf4508,10.0,3.386949,6.527202 
866812f72bc4,86.0,3.388406,6.526485 
dad94b2891c9,73.0,3.384988,6.526860 
8d6aa3f5fa9d,91.0,3.387704,6.531297 
b7f64f3faaa5,42.0,3.388486,6.525696 
6317cb0cdb10,50.0,3.382699,6.525909 
33580c0f7633,89.0,3.387879,6.528418 
ff01a268f02d,87.0,3.381950,6.528947 
5fd8346b136a,63.0,3.380957,6.525526 
14bf4f147092,70.0,3.387389,6.530032 
a41f1f4b2383,69.0,3.379955,6.532454 
ff18950a46ad,88.0,3.388413,6.527390 
82fea64e56d5,63.0,3.388740,6.532353 
517b2e4cbe8e,82.0,3.385912,6.533940 
85c2e6b8e592,70.0,3.384957,6.531165 
56b0d77a5f0e,17.0,3.385100,6.526297 
cb8e00bec313,83.0,3.380855,6.533865 
1596346f0704,20.0,3.383430,6.526474 
5eb912e2cf96,68.0,3.382345,6.528152 
71b44a7d4820,62.0,3.384380,6.533913 
76c2b00461f9,6.0,3.386602,6.528113 
d926e30f8df1,20.0,3.380044,6.528482 
9f0dfa70efb7,75.0,3.384242,6.527562 
b1d97cd6b106,20.0,3.380944,6.528147 
449031457bc9,89.0,3.388676,6.526639 
d43313d58328,58.0,3.380310,6.532322 
a62a8a843ebf,62.0,3.388347,6.532150 
77be269a0058,58.0,3.387803,6.525719 
38c0ae855034,59.0,3.385070,6.531021 
c24b39ef03dc,80.0,3.387094,6.531367 
eb57e4525a59,3.0,3.386329,6.526156 
9ce114e152a5,20.0,3.379283,6.524952 
80d5b26c941e,59.0,3.385126,6.528271 
7776082ce4b3,65.0,3.384581,6.524705 
8261a4921de1,84.0,3.384522,6.525935 
e8bce0de52eb,13.0,3.381075,6.533985 
e3621eda28b2,84.0,3.383078,6.533538 
57864960a7a1,16.0,3.388065,6.526517 
06a8b0801bdf,77.0,3.382004,6.528906 
22e3d61f43c2,78.0,3.388376,6.532602 
b3aa3aa516a4,4.0,3.385415,6.525087 
8da3634854b0,49.0,3.388427,6.528238 
e5b1dc242b2c,12.0,3.382837,6.524902 
46516bca3d65,47.0,3.380492,6.526007 
fd8d6506f4b3,40.0,3.384653,6.524391 
380af21550f1,85.0,3.384156,6.526134 
934b5dc16094,52.0,3.384876,6.529429 
5dbacba8bc23,58.0,3.380105,6.528862 
a580c550ce12,96.0,3.387791,6.532485 
1a19846e323d,75.0,3.379505,6.527739 
fdb84b468b98,41.0,3.386029,6.532961 
0d285f2012c4,0.0,3.385441,6.527335 
f0a45082f627,40.0,3.383366,6.531899 
010b1e929262,2.0,3.381216,6.531926 
97418ec6e1b1,4.0,3.388908,6.524532 
711b0d361cee,58.0,3.380564,6.531212 
cbdc865c3509,70.0,3.380748,6.530786 
169f622a1eca,63.0,3.387862,6.526672 
e22ca995ccf4,9.0,3.387919,6.526053 
574ae36ead16,68.0,3.379775,6.527920 
aac4955c300b,0.0,3.379245,6.534187 
1496f19f9de5,21.0,3.384138,6.530071 
a87a18188fa5,63.0,3.384154,6.528507 
b6a5f9e0dff6,95.0,3.382384,6.529810 
f07c2b048dbc,10.0,3.382060,6.530793 
e2907296d9f5,46.0,3.387530,6.530315 
eb96e692ed28,79.0,3.384023,6.525286 
243dc127931b,39.0,3.386108,6.530175 
1a6e43fba844,80.0,3.387690,6.532704 
1500b771ee27,22.0,3.381318,6.529197 
f44e8c35e0ac,56.0,3.385629,6.526918 
c12035bf073b,42.0,3.384556,6.530568 
ba87971ce10e,30.0,3.388417,6.534322 
692a818bbb01,12.0,3.385479,6.533615 
aebf2227bd24,80.0,3.386697,6.526766 
22360f50142b,25.0,3.386111,6.532785 
55374189050f,6.0,3.386617,6.524427 
e5adfea5654a,19.0,3.380908,6.533081 
0f1f68a79c73,20.0,3.379915,6.534315 
f8607b2de0d0,38.0,3.383658,6.534106 
82f8a40c5fbe,11.0,3.382468,6.527099 
30b2cd6e4c39,40.0,3.380501,6.532883 
838ce27aea15,24.0,3.382566,6.528190 
e24417bf9af5,67.0,3.381912,6.533334 
fa8e52e54a58,91.0,3.382036,6.532729 
d96f71afd111,15.0,3.389070,6.530892 
69d9a2119481,62.0,3.379991,6.532398 
578674fda67d,88.0,3.388973,6.525214 
8500cff28d45,51.0,3.387728,6.528060 
1b1412160642,30.0,3.389068,6.528463 
ac4ba08433d9,81.0,3.387480,6.525701 
769972888b9d,21.0,3.387350,6.529030 
8de487fd1db9,94.0,3.384890,6.526711 
d6e688878918,62.0,3.380222,6.527020 
025887f0d92d,38.0,3.381303,6.532921 
fde27280d64a,82.0,3.386436,6.525188 
a76f2f2dba7a,59.0,3.379903,6.531068 
090bd4bc8772,44.0,3.386836,6.524843 
f207d03f48a3,1.0,3.384745,6.532946 
aed2d872b004,57.0,3.387730,6.526318 
5df10ba1a948,49.0,3.387726,6.534321 
ff5da3a47dac,33.0,3.381160,6.531932 
04a6882fd345,37.0,3.386010,6.530263 
09a015214703,55.0,3.381928,6.531009 
f341adb5324d,98.0,3.380758,6.527094 
47f7d3f89697,53.0,3.386517,6.527886 
87e05acf4a78,48.0,3.380606,6.528843 
1589967a395d,69.0,3.383645,6.529590 
5ae40ba81723,75.0,3.386878,6.530050 
b71f839daca2,48.0,3.382425,6.534021 
986d94da97eb,18.0,3.387958,6.529050 
e5b403559ddc,78.0,3.387423,6.533499 
61849fcd90fc,97.0,3.386361,6.532666 
101d616ad786,83.0,3.388816,6.532936 
d099cc92248b,94.0,3.380125,6.526316 
506374ad5081,88.0,3.385530,6.528159 
aa3f94dbfb0e,61.0,3.381838,6.526173 
299ad73f98b2,28.0,3.386209,6.532841 
4fa98fd6645a,3.0,3.384274,6.525926 
9885cee0b841,81.0,3.380706,6.527664 
2a306fd53ee2,64.0,3.380348,6.524650 
322dbb921302,83.0,3.386228,6.525362 
ab888d3c6fde,2.0,3.380829,6.528427 
17348c7da66b,58.0,3.388874,6.532558 
5403f13f5344,12.0,3.380457,6.525817 
80419729d42f,17.0,3.379450,6.530129 
95273f5edb4a,10.0,3.384690,6.532159 
a3547f3520f0,9.0,3.384592,6.524509 
9bfd106a92bc,31.0,3.384679,6.531529 
89e70e105573,60.0,3.380144,6.529936 
e4ac15dc63d3,73.0,3.382722,6.533481 
68c8cff5e8d5,95.0,3.383371,6.525089 
26a3c14ef4f8,93.0,3.383926,6.527079 
9963f09e5be2,79.0,3.387736,6.530677 
2eeb183d1eb8,87.0,3.384967,6.529744 
cc83796d9127,2.0,3.382482,6.528121 
67727ea2d1af,34.0,3.381558,6.534329 
15de84f45db7,15.0,3.384147,6.529774 
ab34ff3d047c,1.0,3.384605,6.531957 
3cbd733da1fd,82.0,3.385955,6.533159 
5e3439815331,65.0,3.381017,6.526342 
a8b3a71d0c96,39.0,3.384575,6.531711 
c402e40783ab,48.0,3.387456,6.530225 
0f09a8adcf5e,43.0,3.383616,6.534217 
11fad7349265,15.0,3.382983,6.527695 
9b427f15e2e2,76.0,3.385188,6.526474 
2041168f9159,25.0,3.388443,6.530267 
d1779e0ecd7d,71.0,3.381676,6.528478 
501b351391ef,76.0,3.384861,6.532736 
711dcd2b3b1f,93.0,3.388748,6.528128 
361f7a3cc700,88.0,3.380410,6.527068 
6278c80328af,30.0,3.383278,6.526712 
ec05ab195c5b,64.0,3.381746,6.524698 
954cd079caa6,51.0,3.379455,6.525705 
859ec3e8c0a8,10.0,3.382538,6.524695 
0709c1ac6d49,68.0,3.382975,6.528664 
0c2124287977,9.0,3.387989,6.533184 
5f49d103c5b8,64.0,3.387547,6.529029 
a5dcd7241a96,22.0,3.379611,6.525473 
db4647b0575a,63.0,3.387684,6.531306 
ce2274fbc7b6,56.0,3.387936,6.533611 
6390561594b5,10.0,3.380134,6.526615 
586fbd7b0641,18.0,3.380157,6.526444 
b84772ee29d7,24.0,3.381834,6.527951 
9f4aa438512b,63.0,3.388269,6.532966 
717dc9301ecb,35.0,3.379358,6.528446 
6b6937564ae0,23.0,3.386106,6.530223 
ad5b99780524,90.0,3.379280,6.533742 
89995a213595,79.0,3.388245,6.527841 
da7cbca04be2,16.0,3.383674,6.532579 
d1c9f9ecc10b,24.0,3.381199,6.529592 
cb5907a0824a,46.0,3.383012,6.533817 
40d9987b27c5,22.0,3.383877,6.526571 
4f3ff7b958de,68.0,3.382448,6.532340 
a1f774269ead,49.0,3.383674,6.525905 
eaf9a41fc5b5,56.0,3.381441,6.534282 
84d9b1406735,57.0,3.379412,6.530497 
c7a0fb8f5216,23.0,3.384056,6.530298 
ff112b331b12,39.0,3.387462,6.529238 
b4b58558d93b,14.0,3.380435,6.525784 
b68f31700365,18.0,3.384431,6.532032 
38e945527497,36.0,3.388818,6.526351 
e07fe7c69a0d,64.0,3.382129,6.525388 
4c4766ff4924,55.0,3.387555,6.527599 
6e4529d81789,37.0,3.385937,6.528164 
aa0d3eb5a3e6,88.0,3.384769,6.526649 
ae0b0b3cf165,69.0,3.382475,6.529872 
9b3f5e57bebf,51.0,3.385570,6.524394 
080e6a7a95cd,17.0,3.380615,6.527815 
e34359bbd52d,88.0,3.381548,6.530673 
568e9184353a,80.0,3.381047,6.527220 
524bcd7a076b,66.0,3.384267,6.531425 
102e62905067,3.0,3.385839,6.529281 
8f3686177615,16.0,3.381541,6.526610 
86e98bd94a0a,64.0,3.382482,6.527344 
902d3b8b5905,15.0,3.386463,6.525172 
386c8b118f57,40.0,3.385692,6.527039 
4e32718d36c6,52.0,3.384183,6.532242 
8f0a347f708a,74.0,3.384050,6.529050 
2b6d633b8a36,74.0,3.389088,6.529951 
a1f516b6a1e5,15.0,3.385191,6.532716 
59d66871996e,30.0,3.387389,6.530733 
5d5cc45c6799,19.0,3.386728,6.528758 
94fd1f8badee,94.0,3.388751,6.525222 
97c1aa6216af,22.0,3.385142,6.527606 
9841a7feebe0,66.0,3.388224,6.526506 
43441942246b,77.0,3.387067,6.529578 
341fe39437f9,75.0,3.385121,6.527652 
94804daafd4a,42.0,3.380462,6.533757 
188bd3b5f2a8,36.0,3.388072,6.533609 
95daf22a41f2,20.0,3.381166,6.527224 
d23e0ab8211d,30.0,3.380939,6.533654 
5397304bfbbe,38.0,3.385290,6.532199 
c99fe38bfea5,91.0,3.386452,6.532044 
ea448e4293a1,62.0,3.381517,6.525336 
40ac5caefeb5,18.0,3.382128,6.532627 
51d014d2f4d7,16.0,3.383762,6.530001 
af4afe877656,33.0,3.382438,6.525329 
59b6744c0d9f,63.0,3.379708,6.527874 
574ad13bbfca,95.0,3.381253,6.524741 
2aa0a9d97432,24.0,3.381312,6.528333 
efff1df309be,46.0,3.382686,6.524568 
f8bcbe7ddb4e,20.0,3.387052,6.524987 
2dc2b09c7b3d,35.0,3.387610,6.527799 
7de0d39f5383,67.0,3.380783,6.527521 
b6ec04a5c0e6,15.0,3.387351,6.526442 
f0a8d2c8c31f,49.0,3.380967,6.524895 
5a21233120c8,95.0,3.385007,6.531800 
1a9e12334fb9,62.0,3.388558,6.529497 
bf07f538a1c5,9.0,3.386344,6.528341 
e42663fb4d19,75.0,3.382129,6.532701 
541384d92f3a,67.0,3.386591,6.529673 
b41f70f60ffe,32.0,3.382413,6.525903 
6118614a0dc3,9.0,3.384398,6.525581 
8dc5c3f164ec,42.0,3.383547,6.533246 
ac0beb9d0b20,22.0,3.388651,6.526296 
36cf49fb3bff,87.0,3.387655,6.533367 
6512f103c5af,88.0,3.382203,6.531443 
d234a73017bb,44.0,3.388380,6.531605 
cb6c8a8e2b77,62.0,3.379541,6.532701 
724f26e43073,47.0,3.385530,6.532992 
40ddcc80b564,76.0,3.388866,6.532026 
6176b8bc09ba,89.0,3.387122,6.526681 
f47120cba6de,72.0,3.386592,6.531422 
7c39245bb2bd,53.0,3.388552,6.531936 
7c869126c6c1,47.0,3.385879,6.530314 
12e72f40a7ed,15.0,3.381083,6.529077 
b3bd0aed5023,24.0,3.384079,6.527594 
dd6c7e0ddafb,45.0,3.387021,6.525791 
ef75cdf97623,42.0,3.382626,6.530333 
2e5f605eead5,5.0,3.385022,6.532276 
2bb0268403ec,27.0,3.382676,6.527279 
44321ccf4214,15.0,3.387810,6.530367 
6cd9761dd482,13.0,3.385191,6.526203 
072b4bf9bde7,45.0,3.384797,6.531119 
239fed715743,7.0,3.383824,6.528016 
db22ba71a873,33.0,3.382186,6.528617 
5968122f0207,90.0,3.384037,6.529258 
fae119065f21,82.0,3.384560,6.533587 
cf5ff3b8e5c9,15.0,3.387245,6.531449 
b268733f426f,69.0,3.388011,6.528466 
ca577a764b48,2.0,3.387778,6.534017 
60728c197dc7,33.0,3.387814,6.530790 
e36cd93c08c1,81.0,3.380298,6.528053 
b4f9b435575f,79.0,3.383947,6.525040 
80ccf4888a0b,89.0,3.379311,6.528741 
03c33ca0e401,91.0,3.380706,6.530507 
5af742ae62b3,23.0,3.387649,6.525518 
8cb066652048,44.0,3.380751,6.532249 
a96534f6254a,67.0,3.388089,6.534001 
5f394fcb7d55,89.0,3.385458,6.526943 
cca1be7ca1fe,10.0,3.383979,6.529220 
009479c08a07,96.0,3.387014,6.533168 
b638c705cc6f,52.0,3.383737,6.525291 
1f12a613754d,4.0,3.388178,6.532628 
7dbc4f6dff4b,26.0,3.384677,6.529901 
24a216ba99f0,68.0,3.388958,6.531494 
06cc14fe8ab1,55.0,3.383752,6.531229 
dbcf15f75a59,52.0,3.379242,6.531322 
770a8d2b318c,95.0,3.381577,6.526314 
6231a608cfde,10.0,3.385651,6.526582 
dd8c0d300e91,9.0,3.385687,6.532128 
d2dc2be6d822,21.0,3.389197,6.528888 
96bfe81da12a,35.0,3.387392,6.530439 
0cffbd4420eb,15.0,3.381766,6.528913 
87d1459a0499,21.0,3.381324,6.525182 
d271e19b6100,53.0,3.387626,6.534310 
d5419f30d779,28.0,3.387812,6.530126 
645bae31e045,70.0,3.383014,6.524913 
3be14e8d2f5b,5.0,3.383592,6.527789 
d488dd1e880f,9.0,3.387200,6.527174 
f249a28eda76,88.0,3.385908,6.531419 
21ef3a33ddef,17.0,3.388541,6.525356 
5e1cdef5aeed,69.0,3.388867,6.529873 
012d32233b4a,56.0,3.386303,6.532034 
6ca640065714,94.0,3.386528,6.533854 
dcc7c2b85b11,74.0,3.387725,6.530602 
9793eab10260,60.0,3.383459,6.530400 
ffbf3f64a40c,72.0,3.382395,6.531297 
b06f2597b9e5,67.0,3.387819,6.524387 
7bb7e2251730,21.0,3.380304,6.531383 
453129fc7e65,92.0,3.380063,6.533788 
0e4737217e40,72.0,3.383993,6.530384 
cdd9474632c5,45.0,3.385846,6.531770 
36d444c58713,72.0,3.388241,6.531661 
d01d6896c46a,2.0,3.384643,6.530799 
775b868d23ec,1.0,3.383598,6.533867 
c7f39401dec9,79.0,3.379312,6.526850 
9c4a948bfe97,88.0,3.387323,6.530805 
f93affe291fd,40.0,3.389150,6.524722 
da076e1b1a3b,12.0,3.385068,6.530986 
6f5675205f5a,56.0,3.384684,6.533347 
23f7aa842357,35.0,3.387786,6.529295 
acde6a52e4ff,8.0,3.380181,6.530502 
c382250c9e48,71.0,3.383451,6.525809 
f0f6e7dee074,89.0,3.379536,6.530970 
f42a9c9d17cb,41.0,3.386844,6.526323 
4a666b959c41,90.0,3.380887,6.524841 
6cf754061a65,53.0,3.386365,6.527131 
b0bcf2c17bba,82.0,3.388021,6.533828 
bf2b2dd615d8,48.0,3.387710,6.531934 
4ab510c82dea,61.0,3.384259,6.533309 
b5855dd38610,76.0,3.382552,6.527774 
d6f8d9f51862,45.0,3.381802,6.532869 
9bcfda57ce63,72.0,3.382654,6.527765 
bdb301a29856,26.0,3.382534,6.529897 
31f31be1a6b3,85.0,3.382843,6.529606 
351e03a367d1,57.0,3.381960,6.527499 
36d731cab06a,87.0,3.386958,6.527565 
28b7511b3212,21.0,3.384273,6.530839 
c66e662b5fbd,1.0,3.384106,6.524402 
0afb4151c107,81.0,3.386602,6.530366 
bf88df709482,9.0,3.387364,6.532833 
fcc4b00fb06a,66.0,3.384273,6.533339 
d3ef956b1442,60.0,3.386063,6.531608 
391d5e8d6d23,20.0,3.384270,6.531922 
4174e66e503a,71.0,3.381369,6.526657 
c874f7dbede1,68.0,3.385781,6.526575 
b8766cd4b8b8,55.0,3.385435,6.533673 
2a1905ae9854,84.0,3.386190,6.532715 
38f4c2d7c08e,60.0,3.385798,6.524869 
8ae7c2be0915,67.0,3.381483,6.525367 
078b3b0543b7,48.0,3.380038,6.529109 
2d894a600788,95.0,3.386785,6.524776 
bf58936413af,54.0,3.382371,6.534262 
27248c241c82,91.0,3.387475,6.527579 
1be38de0d88e,69.0,3.386681,6.526592 
1083c3bc6d59,28.0,3.385989,6.529646 
2e28500fde68,74.0,3.382174,6.524726 
1470edc3f350,62.0,3.380179,6.528668 
2991a35ae590,29.0,3.380642,6.531438 
75428db45edf,2.0,3.384751,6.530737 
2b2f4f7f2883,89.0,3.388250,6.533113 
33f6976cd7e4,15.0,3.380109,6.527024 
b647333129ef,92.0,3.387113,6.532249 
e61acb6b4c11,73.0,3.381778,6.531602 
2153588afdb0,41.0,3.383515,6.527089 
b270bfecd59f,37.0,3.385031,6.526736 
c4a3847a73c5,49.0,3.380550,6.534211 
a49ecc681390,93.0,3.385721,6.527045 
890bf45eb8a6,93.0,3.385559,6.533797 
05bb6efd76f2,78.0,3.383117,6.532999 
79f443bae937,86.0,3.386408,6.525397 
5ab55d2f763a,40.0,3.380784,6.529408 
d8d2e531bc53,61.0,3.388023,6.526414 
a3b211560734,91.0,3.384658,6.532405 
530aadd4a95c,57.0,3.383561,6.529851 
84ff89889fc4,88.0,3.388454,6.524871 
dab700096da7,85.0,3.380533,6.529824 
32e7d5fa90e3,45.0,3.382468,6.527456 
b02ddd738f84,47.0,3.380177,6.527109 
94944f19990f,2.0,3.379568,6.531058 
8d982122786b,1.0,3.386369,6.525532 
4d378118be0c,5.0,3.386206,6.529508 
69ee0a32dac7,61.0,3.387530,6.534069 
573a97ae54b3,6.0,3.387712,6.528771 
468f49f19134,73.0,3.382121,6.531914 
58caaa2bedce,92.0,3.386849,6.533918 
bf1805b099b1,26.0,3.384181,6.529996 
e4cd315228c1,59.0,3.386754,6.533455 
940be1ed0bed,48.0,3.384638,6.532674 
ea8cb98644fa,79.0,3.379262,6.532260 
122e6834a9bd,43.0,3.387035,6.532683 
8272734c5d4e,32.0,3.387354,6.530041 
f8167b26b9bc,51.0,3.383219,6.531563 
881780c33ebf,42.0,3.381869,6.525338 
27eaf67d49db,89.0,3.387934,6.526082 
aae8789c4fc9,21.0,3.381506,6.528153 
699b8327f4c3,14.0,3.383446,6.529424 
1faa8272860e,73.0,3.385854,6.527500 
3718908d3a9b,51.0,3.385585,6.527727 
5c6783ae2b49,57.0,3.382826,6.533883 
520e0853adf1,72.0,3.382705,6.526799 
5336c0ab0be0,80.0,3.384325,6.527919 
2a796e086718,17.0,3.389064,6.527391 
3e86b0da8bf8,21.0,3.382081,6.529061 
3531c6f11c13,5.0,3.383835,6.533033 
b006d0e962f2,64.0,3.383878,6.530808 
62ca347b1874,83.0,3.387932,6.529694 
1f8e4db14b23,47.0,3.383590,6.527315 
feebfb313750,83.0,3.387052,6.533978 
db303c773bbc,84.0,3.383575,6.525940 
78687604927a,13.0,3.381692,6.530834 
88847801b0a8,18.0,3.388809,6.529787 
79aa2e6ba079,49.0,3.384279,6.524754 
b51eb2dda315,99.0,3.387815,6.532621 
3abe46d3abb3,86.0,3.388989,6.534032 
292cc64c436f,12.0,3.384638,6.530136 
3f65d59f9ad1,13.0,3.388320,6.529778 
e2a8c489c5e8,35.0,3.384355,6.525204 
77ffb85bc344,3.0,3.383335,6.528087 
269ef5a97c23,44.0,3.385477,6.528813 
bf6388690441,79.0,3.386772,6.526965 
9fc4f70071ed,96.0,3.383982,6.531929 
a81208a7c9d7,57.0,3.381864,6.529223 
3aba7400d319,43.0,3.381757,6.528042 
7c36dba857c2,94.0,3.385600,6.532733 
5ec55f4e48ee,55.0,3.382970,6.532866 
30dd18701924,46.0,3.385930,6.532736 
f65bc61bf451,77.0,3.382446,6.525269 
4d62e07a357b,99.0,3.384063,6.526096 
a3d3ed297f35,73.0,3.380173,6.532422 
a30d6199c819,0.0,3.381362,6.527257 
13001851ecf0,52.0,3.381009,6.527971 
9be512ac678f,6.0,3.384623,6.531288 
d5e8b815b7c3,62.0,3.383219,6.533049 
8b78a3698b81,52.0,3.387962,6.530531 
ec10e0d4373a,21.0,3.381145,6.533654 
7679832957b7,100.0,3.381070,6.526989 
c158058164b7,0.0,3.386330,6.532953 
e0e2bc0b56ee,13.0,3.381447,6.531482 
ea21b8d8588c,91.0,3.387854,6.527240 
094c61b5187a,51.0,3.386084,6.532250 
dc419fcc2b6e,0.0,3.388194,6.533932 
6e8c68da73ac,46.0,3.381477,6.526053 
0fdbeb34e561,79.0,3.380751,6.528480 
2c4dd3f6ea1e,43.0,3.381053,6.533965 
20de1ab8ba54,19.0,3.382261,6.527646 
eb51d2474b3f,69.0,3.386958,6.530602 
3ac78df1d31c,79.0,3.384151,6.524557 
87a9d0ce9f38,65.0,3.386197,6.526181 
92832489aaa9,33.0,3.387253,6.525216 
132616625db3,60.0,3.384013,6.525915 
94a13569d346,53.0,3.382089,6.524394 
c5e45b6d39d4,80.0,3.381483,6.525916 
b907a58a282d,89.0,3.386504,6.529426 
c482e87a9513,27.0,3.381437,6.530837 
eb801bb5a096,8.0,3.388486,6.525771 
015a34b9a555,77.0,3.387627,6.527190 
c558e034b713,79.0,3.382496,6.530212 
05f41c6b84e4,58.0,3.382210,6.527976 
189f109ec7d7,79.0,3.385831,6.527630 
b74f7fd2fba4,53.0,3.389109,6.527685 
0137d8fa8757,18.0,3.380825,6.532948 
6331b9014705,65.0,3.379819,6.531612 
af4ed9bdcee3,39.0,3.383530,6.531841 
c7ac91998144,98.0,3.381529,6.531555 
e9c89037aeda,53.0,3.387789,6.528446 
8016809213dd,58.0,3.388584,6.530198 
cc247820719f,56.0,3.386837,6.533370 
2128b23866aa,90.0,3.381946,6.526715 
23caddeefc40,93.0,3.382669,6.526889 
f60c58d7d72c,66.0,3.384022,6.529930 
d45f2b174afa,1.0,3.382856,6.532963 
952f13d47f82,95.0,3.385083,6.525935 
5128ff800f27,11.0,3.382338,6.524536 
0be3e1c29118,60.0,3.388947,6.528590 
30023e124eae,10.0,3.385844,6.532273 
7d508fb55d3c,84.0,3.381861,6.529417 
0be72cf464fd,33.0,3.386697,6.525069 
e1cb41a41df1,78.0,3.382698,6.530465 
d1ea56487c4c,5.0,3.389051,6.528978 
831826dde47c,55.0,3.381807,6.527543 
d7ce8e9783da,20.0,3.381871,6.529554 
782906d40874,66.0,3.381823,6.528433 
1e4554b33ede,96.0,3.382035,6.534256 
f36bb8cdd8b2,37.0,3.382091,6.524489 
51087a0c0bab,28.0,3.386154,6.528544 
f60a90f2488f,90.0,3.382053,6.525184 
30efc9526372,25.0,3.387978,6.528749 
ed97933ddc73,47.0,3.383056,6.524977 
268aafda23b6,57.0,3.382887,6.534230 
8d125b2804b9,98.0,3.385892,6.527577 
41af151a8342,83.0,3.379942,6.530591 
d2c4a2f82b41,86.0,3.381387,6.531358 
82a719654c96,52.0,3.385833,6.525785 
41f6a4e833d0,87.0,3.385208,6.524991 
ecd052898e8b,22.0,3.385053,6.525276 
a8e48208ae84,57.0,3.383315,6.532637 
d997986170a6,16.0,3.382135,6.530652 
540f1ce857b9,88.0,3.380286,6.527111 
41bd1fe7f21d,8.0,3.379381,6.531248 
2740503683a9,23.0,3.382808,6.530670 
d8a315bc0b8b,55.0,3.385358,6.525853 
6db62a5faba9,44.0,3.380108,6.528261 
e80db6a910b3,39.0,3.386587,6.524862 
c5480d705a40,13.0,3.388300,6.527368 
1081ec0713c4,7.0,3.381351,6.531796 
53c4e04dfada,49.0,3.387964,6.526664 
402f9753b426,92.0,3.388458,6.526559 
66b62d809f14,2.0,3.384170,6.530661 
6414aef6d795,52.0,3.387033,6.534234 
aeaf61d5b4d0,80.0,3.380401,6.530194 
e1a27bddd382,28.0,3.385357,6.532030 
3585066b6ca1,52.0,3.385241,6.526973 
5555246d226b,2.0,3.384703,6.524889 
d4a9b2395d07,53.0,3.387756,6.531825 
1df69a37b6bb,22.0,3.388124,6.527423 
ff4ce5db600c,13.0,3.383159,6.530680 
12a04d968fc8,86.0,3.384696,6.531383 
8ea9b9df7042,81.0,3.385634,6.526562 
03a4d3fb3ac3,71.0,3.380323,6.532186 
19fc67ba4913,20.0,3.381176,6.525463 
760d2e6decde,30.0,3.383699,6.533775 
475ef090c16e,85.0,3.388035,6.528244 
0392eedd0318,68.0,3.379317,6.525464 
9569aedcf1f8,97.0,3.379468,6.529379 
31739966bdd3,2.0,3.379538,6.524441 
58581b5013a8,15.0,3.385562,6.532111 
ab6f48dfd9dd,39.0,3.383548,6.530563 
40a611c95392,75.0,3.389093,6.526839 
f8b6234a162b,59.0,3.384642,6.533629 
95c7a0ff3bed,35.0,3.381814,6.532614 
4b6572c99189,71.0,3.382157,6.532499 
ed15b7d78b8a,13.0,3.386853,6.529926 
b4f0c64ec42d,37.0,3.379779,6.532657 
fe2c98c22cbb,70.0,3.382801,6.529682 
9d8dc21eb948,84.0,3.388958,6.525447 
da423dfe29a6,21.0,3.382376,6.528090 
b0d570d34470,37.0,3.383187,6.530276 
2e22883a5f34,13.0,3.379914,6.525283 
4ffab2106777,74.0,3.381325,6.525024 
fd8faddd4885,85.0,3.381100,6.532941 
2effd542bdee,12.0,3.384459,6.530841 
093dd6054898,66.0,3.382943,6.525880 
cd757c7e3dcf,49.0,3.384288,6.525226 
a9f18533f132,79.0,3.380551,6.525464 
6c9891c27667,45.0,3.382292,6.529533 
13dc4f7dda52,0.0,3.385214,6.530712 
6d54e4627d79,12.0,3.386100,6.525285 
fe8d77177414,19.0,3.388886,6.527349 
c65ee9b406c4,19.0,3.381946,6.528130 
fff0eba3a155,34.0,3.388768,6.532034 
29ccf7b326a0,5.0,3.383824,6.525174 
7973632d4742,48.0,3.379634,6.529335 
9fb51ea3da66,83.0,3.382336,6.526935 
a3ceb7921277,70.0,3.382789,6.533761 
8a6bc52f2ef7,15.0,3.388885,6.532115 
7c6e73cfb814,42.0,3.384087,6.525609 
3981134bb06d,50.0,3.383791,6.533262 
c749f28bcfd8,6.0,3.386089,6.525163 
86090a3fbed4,42.0,3.387405,6.529796 
372c6d49d2e5,71.0,3.384518,6.525722 
c3e37a2b8de2,17.0,3.381223,6.527227 
0560502764ff,24.0,3.386683,6.524384 
ae489fee5cb3,31.0,3.381058,6.528414 
0d4bc60dce13,58.0,3.384416,6.532956 
40ce2198d5ff,76.0,3.381606,6.526707 
3f8b95e491f0,77.0,3.387742,6.527458 
d76acbf234b5,71.0,3.379465,6.528333 
e04756c5d4b3,11.0,3.388310,6.527673 
b2b04ec8e1b1,81.0,3.384974,6.526067 
80d47eade06e,94.0,3.387032,6.532460 
b7c9cbaacbdd,63.0,3.384853,6.526855 
3da1b2b65d89,58.0,3.380130,6.526458 
de2b2359b050,85.0,3.386107,6.525392 
d7afabf2c98e,95.0,3.388278,6.530503 
5e6e67215a19,83.0,3.382245,6.528067 
d9a8623e8d32,77.0,3.383520,6.531409 
60f107e64331,8.0,3.383989,6.526499 
d971df73bfeb,67.0,3.380977,6.525155 
1a92845ee08f,36.0,3.380552,6.533563 
165cf8b1c7f9,49.0,3.387127,6.527917 
0133037d0e5c,57.0,3.382627,6.524525 
f3f1e33c38fa,47.0,3.381652,6.526777 
892527e995de,12.0,3.387307,6.532599 
afd593626acc,85.0,3.380789,6.526558 
4576448915fa,90.0,3.384558,6.530575 
11bf6e57d1d2,59.0,3.383085,6.529663 
054fc7c7b518,79.0,3.382794,6.532815 
d0476e9ae346,1.0,3.381777,6.528901 
84f85ce21bfe,56.0,3.387988,6.533839 
4e2656cdd6ba,23.0,3.381052,6.532121 
44279ce20be2,75.0,3.384491,6.533331 
f458c36c9534,30.0,3.384974,6.529732 
ad7d146ed9d5,77.0,3.381653,6.530233 
9a9bc2aa1b4d,68.0,3.379485,6.532681 
9c99c8acced5,22.0,3.385819,6.528749 
93284ffdbb40,86.0,3.384427,6.526170 
26d496a0b660,15.0,3.379470,6.525197 
658cc36eb05c,76.0,3.387562,6.531574 
76652cf52b1f,97.0,3.380773,6.529319 
c020bb51e4ff,89.0,3.386092,6.528215 
dff432d92a2e,16.0,3.379408,6.534379 
25b93299de0b,20.0,3.379818,6.526572 
